{
  "project_info": {
    "project_number": "1020160607922",
    "project_id": "home-advisor-ff767",
    "storage_bucket": "home-advisor-ff767.appspot.com"
  },
  "client": [
    {
      "client_info": {
        "mobilesdk_app_id": "1:1020160607922:android:087fd84d6d1d480fdcabab",
        "android_client_info": {
          "package_name": "com.home_advisor"
        }
      },
      "oauth_client": [
        {
          "client_id": "1020160607922-gkf4lajs1td9254v8cmt7o2lg7qkk2og.apps.googleusercontent.com",
          "client_type": 1,
          "android_info": {
            "package_name": "com.home_advisor",
            "certificate_hash": "dcb32df98538f9d18b371dd50bd011a21f937605"
          }
        },
        {
          "client_id": "1020160607922-rj9oiqm066o8hni40q5njlib1b1b3j5v.apps.googleusercontent.com",
          "client_type": 1,
          "android_info": {
            "package_name": "com.home_advisor",
            "certificate_hash": "3235c51f593d1bd02f2e0c100aa90a683a0b0cba"
          }
        },
        {
          "client_id": "1020160607922-286pavl1jub6ufobcp5qvthe3athoutp.apps.googleusercontent.com",
          "client_type": 3
        }
      ],
      "api_key": [
        {
          "current_key": "AIzaSyCQIqfhecZd2hNNWoHNpky1zLULdLi44SE"
        }
      ],
      "services": {
        "appinvite_service": {
          "other_platform_oauth_client": [
            {
              "client_id": "1020160607922-286pavl1jub6ufobcp5qvthe3athoutp.apps.googleusercontent.com",
              "client_type": 3
            },
            {
              "client_id": "1020160607922-8pa25gt6fdoi3o8p3rp60qhn39lfnof1.apps.googleusercontent.com",
              "client_type": 2,
              "ios_info": {
                "bundle_id": "com.homeAdvisor.homeAdvisorCustomer"
              }
            }
          ]
        }
      }
    },
    {
      "client_info": {
        "mobilesdk_app_id": "1:1020160607922:android:d7547e175dcd069edcabab",
        "android_client_info": {
          "package_name": "com.home_advisor.customer"
        }
      },
      "oauth_client": [
        {
          "client_id": "1020160607922-b9vahb485vu54j3p3e6opg7go5mdg39k.apps.googleusercontent.com",
          "client_type": 1,
          "android_info": {
            "package_name": "com.home_advisor.customer",
            "certificate_hash": "dcb32df98538f9d18b371dd50bd011a21f937605"
          }
        },
        {
          "client_id": "1020160607922-286pavl1jub6ufobcp5qvthe3athoutp.apps.googleusercontent.com",
          "client_type": 3
        }
      ],
      "api_key": [
        {
          "current_key": "AIzaSyCQIqfhecZd2hNNWoHNpky1zLULdLi44SE"
        }
      ],
      "services": {
        "appinvite_service": {
          "other_platform_oauth_client": [
            {
              "client_id": "1020160607922-286pavl1jub6ufobcp5qvthe3athoutp.apps.googleusercontent.com",
              "client_type": 3
            },
            {
              "client_id": "1020160607922-8pa25gt6fdoi3o8p3rp60qhn39lfnof1.apps.googleusercontent.com",
              "client_type": 2,
              "ios_info": {
                "bundle_id": "com.homeAdvisor.homeAdvisorCustomer"
              }
            }
          ]
        }
      }
    }
  ],
  "configuration_version": "1"
}